Model,Accuracy,Precision,Recall,F1 Score
SVM,0.954986,0.954855,0.954986,0.954731
Logistic Regression,0.975899,0.975848,0.975899,0.975842
Decision Tree,0.815991,0.816903,0.815991,0.815956
Random Forest,0.970416,0.971047,0.970416,0.970279
CNN,0.998597,0.998604,0.998597,0.998596
MobileNetV2,0.828083,0.832807,0.828083,0.823385
VGG16,0.938146,0.941417,0.938146,0.937369
EfficientNetB0,0.785997,0.788196,0.785997,0.779994
CNN_Tuned,0.996812,0.996835,0.996812,0.996811
